ticker,drift,t,lower_bound_drift,upper_bound_drift,volatility
A,0.14746773403244492,1.96,0.14516140716311707,0.14977406090177278,0.23142552049750936
AAL,-0.14129386050077988,1.96,-0.14360018737010774,-0.13898753363145203,0.4549923801751747
AAP,-0.048102133866552856,1.96,-0.05040846073588071,-0.045795806997225,0.3425621662660561
AAPL,0.24270982336153857,1.96,0.2404034964922107,0.24501615023086643,0.23447402561098152
ABBV,0.11599966268021598,1.96,0.11369333581088813,0.11830598954954384,0.24293842879154118
ABT,0.1230828500165348,1.96,0.12077652314720694,0.12538917688586265,0.19972290276977336
ACN,0.1510124327241155,1.96,0.14870610585478763,0.15331875959344335,0.2143672865069754
ADBE,0.22440062711717915,1.96,0.2220943002478513,0.226706953986507,0.27627344856193997
ADI,0.14644879184490617,1.96,0.1441424649755783,0.14875511871423402,0.25932929353183976
ADM,0.056409297430788555,1.96,0.0541029705614607,0.05871562430011641,0.232950377873975
ADP,0.12922095695785601,1.96,0.12691463008852816,0.13152728382718387,0.20335738026223166
ADSK,0.17576056922429256,1.96,0.1734542423549647,0.17806689609362042,0.31255570589100545
AEE,0.08042987350929838,1.96,0.07812354663997052,0.08273620037862624,0.18596185390595224
AEP,0.0552291207474763,1.96,0.052922793878148446,0.05753544761680416,0.1836762498794759
AES,0.06419316319835583,1.96,0.06188683632902797,0.06649949006768369,0.2885939257889376
AFL,0.10309892833739985,1.96,0.100792601468072,0.10540525520672771,0.2170950117816721
AIG,0.0078062550555710415,1.96,0.0054999281862431835,0.0101125819248989,0.28559840266186376
AIZ,0.09796091060781796,1.96,0.0956545837384901,0.10026723747714582,0.22827791683232612
AJG,0.1907923395995763,1.96,0.18848601273024845,0.19309866646890417,0.18056493282090855
AKAM,0.06880443621518484,1.96,0.06649810934585698,0.0711107630845127,0.2754769571084754
ALB,0.1094761532815895,1.96,0.10716982641226164,0.11178248015091735,0.38686876094724537
ALGN,0.18908378497345937,1.96,0.18677745810413152,0.19139011184278723,0.4067285479447695
ALK,-0.061204329995433286,1.96,-0.06351065686476115,-0.05889800312610543,0.41617806618525105
ALL,0.09464044352601067,1.96,0.09233411665668281,0.09694677039533853,0.20994000365489962
ALLE,0.08861060657088225,1.96,0.0863042797015544,0.09091693344021011,0.23544080101219034
AMAT,0.2343965690338539,1.96,0.23209024216452603,0.23670289590318175,0.3336188865595661
AMD,0.43965769203026206,1.96,0.4373513651609342,0.4419640188995899,0.47419696459399574
AME,0.13525911296923968,1.96,0.13295278609991182,0.13756543983856753,0.21388390256068826
AMGN,0.07500894708799742,1.96,0.07270262021866956,0.07731527395732528,0.2176087294476649
AMP,0.13821102050057196,1.96,0.1359046936312441,0.14051734736989982,0.28277232623714527
AMT,0.10226880440955159,1.96,0.09996247754022373,0.10457513127887945,0.21335319646810375
AMZN,0.2312489595120589,1.96,0.22894263264273104,0.23355528638138676,0.2792911695960346
ANSS,0.16428902272548315,1.96,0.1619826958561553,0.166595349594811,0.24663608363381306
AON,0.1464987944221363,1.96,0.14419246755280846,0.14880512129146417,0.1928823690901166
AOS,0.09250791914366378,1.96,0.09020159227433593,0.09481424601299164,0.23532193383283942
APA,-0.09609462334736789,1.96,-0.09840095021669575,-0.09378829647804003,0.5232112908040197
APD,0.09292734868220215,1.96,0.09062102181287429,0.09523367555153,0.2162405850015961
APH,0.1525321954459005,1.96,0.15022586857657264,0.15483852231522835,0.207835495069639
ARE,0.05406492792382312,1.96,0.051758601054495264,0.05637125479315098,0.21772539102200703
ATO,0.08350000713749295,1.96,0.08119368026816509,0.0858063340068208,0.17862006759454707
AVB,0.023741608237705318,1.96,0.02143528136837746,0.026047935107033175,0.20531782066428333
AVGO,0.2543267517435079,1.96,0.25202042487418,0.25663307861283574,0.31816688639302665
AVY,0.14848344460054025,1.96,0.1461771177312124,0.1507897714698681,0.2273049606967934
AWK,0.11812895571655607,1.96,0.11582262884722822,0.12043528258588393,0.1921209780823494
AXP,0.1086590493688607,1.96,0.10635272249953284,0.11096537623818856,0.2663160903975089
AZO,0.17325568661480775,1.96,0.1709493597454799,0.1755620134841356,0.21751190875058024
BA,0.02967479138274464,1.96,0.027368464513416783,0.0319811182520725,0.3506148409157363
BAC,0.09307620823376395,1.96,0.09076988136443609,0.0953825351030918,0.268652819593496
BAX,-0.02002613415656962,1.96,-0.022332461025897477,-0.017719807287241762,0.28066216607933364
BBY,0.11464615999845792,1.96,0.11233983312913007,0.11695248686778578,0.34760709760876307
BDX,0.06804935751160562,1.96,0.06574303064227777,0.07035568438093348,0.1859995906957483
BEN,-0.07807356603966646,1.96,-0.08037989290899432,-0.0757672391703386,0.2844527819795733
BF.B,-0.037913306081493375,1.96,-0.04021963295082123,-0.03560697921216552,0.30487211426111965
BIO,0.14018134298279222,1.96,0.13787501611346437,0.14248766985212008,0.2665087645258375
BK,0.03045462277123854,1.96,0.028148295901910682,0.032760949640566396,0.23544611329502352
BLK,0.10259444186141264,1.96,0.10028811499208479,0.1049007687307405,0.23777835376933842
BMY,0.002408469370688289,1.96,0.00010214250136043141,0.004714796240016146,0.2263207478410366
BR,0.15494862060098732,1.96,0.15264229373165947,0.15725494747031518,0.19697096101982425
BRK.B,0.11423330633752407,1.96,0.11192697946819621,0.11653963320685193,0.15969284775824752
BRO,0.18599183523348847,1.96,0.18368550836416062,0.18829816210281633,0.18714756498733345
BSX,0.14885429603180408,1.96,0.14654796916247623,0.15116062290113194,0.23491166770361308
BWA,-0.03201651354131417,1.96,-0.03432284041064203,-0.029710186671986313,0.31120134406621663
BXP,-0.06485586932853059,1.96,-0.06716219619785845,-0.06254954245920273,0.2652027269422611
C,0.0054446227211617385,1.96,0.003138295851833881,0.0077509495904895965,0.28456563804819845
CAG,-0.018600426819466498,1.96,-0.020906753688794355,-0.01629409995013864,0.2453360728955131
CAH,0.006217565044093473,1.96,0.003911238174765616,0.00852389191342133,0.2545117125343104
CAT,0.13585499694032968,1.96,0.13354867007100182,0.13816132380965754,0.2637997830274723
CB,0.08678538728228805,1.96,0.08447906041296019,0.0890917141516159,0.21174354470303097
CBOE,0.10714696545564249,1.96,0.10484063858631464,0.10945329232497035,0.20734828665092175
CCI,0.05685576999319815,1.96,0.05454944312387029,0.059162096862526006,0.20867622623262724
CCL,-0.14961904665665604,1.96,-0.1519253735259839,-0.14731271978732818,0.48550854571794805
CDNS,0.30313568397944063,1.96,0.30082935711011277,0.3054420108487685,0.2648084903980155
CDW,0.21108168076774594,1.96,0.2087753538984181,0.2133880076370738,0.24766230045150264
CE,0.08315164314459672,1.96,0.08084531627526886,0.08545797001392458,0.298060694413465
CF,0.07157918327413967,1.96,0.06927285640481182,0.07388551014346753,0.36058182731399563
CHD,0.10783511273310492,1.96,0.10552878586377706,0.11014143960243278,0.34382805026500185
CHRW,0.04152308766721653,1.96,0.039216760797888675,0.04382941453654439,0.23919886860167328
CHTR,0.10070898442377021,1.96,0.09840265755444236,0.10301531129309807,0.2777755632735988
CI,0.11138819779301831,1.96,0.10908187092369045,0.11369452466234617,0.2647610067153781
CINF,0.08918603118208865,1.96,0.08687970431276079,0.0914923580514165,0.23432197327787482
CL,0.02579089660188206,1.96,0.0234845697325542,0.028097223471209916,0.15604979634472316
CLX,0.044459153773281156,1.96,0.0421528269039533,0.04676548064260901,0.20411954789873446
CMA,0.017496390381687665,1.96,0.015190063512359808,0.019802717251015522,0.36413628235252865
CMCSA,0.04601505253953286,1.96,0.043708725670205,0.048321379408860714,0.21424875896463694
CME,0.10206371938042635,1.96,0.0997573925110985,0.10437004624975421,0.19963342756322403
CMG,0.17844646527371108,1.96,0.17614013840438322,0.18075279214303894,0.30445987022126847
CMI,0.08265865689411293,1.96,0.08035233002478508,0.08496498376344079,0.24306894611233326
CMS,0.07306010332995849,1.96,0.07075377646063064,0.07536643019928635,0.17764940450426678
CNC,0.12531702574860512,1.96,0.12301069887927726,0.12762335261793298,0.3084492470505057
CNP,0.026030274443331728,1.96,0.02372394757400387,0.028336601312659585,0.21873644259385155
COF,0.05936522446166794,1.96,0.057058897592340084,0.0616715513309958,0.3224523694459476
COO,0.10622904795328393,1.96,0.10392272108395607,0.10853537482261179,0.2270100423606782
COP,0.06639340421482666,1.96,0.0640870773454988,0.06869973108415452,0.33188635798966176
COST,0.18732327953184544,1.96,0.18501695266251758,0.1896296064011733,0.18253016330760058
CPB,-0.006741510234833273,1.96,-0.00904783710416113,-0.004435183365505415,0.21262833119835592
CPRT,0.2703334356470859,1.96,0.26802710877775804,0.27263976251641375,0.23588101766025868
CRL,0.1553330734205013,1.96,0.15302674655117343,0.15763940028982915,0.3023214373870281
CRM,0.1564114232688963,1.96,0.15410509639956843,0.15871775013822415,0.30022518822141203
CSCO,0.07787060821513135,1.96,0.0755642813458035,0.08017693508445921,0.2100500021669697
CSX,0.14273254966641158,1.96,0.14042622279708372,0.14503887653573944,0.24165960571569092
CTAS,0.23564901462979276,1.96,0.2333426877604649,0.23795534149912062,0.22417555962991165
CTSH,0.021780395881104708,1.96,0.01947406901177685,0.024086722750432565,0.330334561294185
CVS,-0.019627238480754677,1.96,-0.021933565350082534,-0.01732091161142682,0.24312342966480793
CVX,0.037748608080161075,1.96,0.03544228121083322,0.04005493494948893,0.24896702100744872
CZR,0.20090728430403665,1.96,0.1986009574347088,0.2032136111733645,0.6317557410763205
D,-0.02336209835259872,1.96,-0.025668425221926576,-0.02105577148327086,0.1910473186149344
DAL,-0.007833918422282364,1.96,-0.010140245291610221,-0.005527591552954507,0.36544212980716984
DE,0.18494860188485035,1.96,0.1826422750155225,0.1872549287541782,0.25489093903609766
DFS,0.0822042406723143,1.96,0.07989791380298644,0.08451056754164216,0.33787599692824444
DG,0.1123075068016872,1.96,0.11000117993235935,0.11461383367101506,0.2700644259962883
DGX,0.08637723200000952,1.96,0.08407090513068166,0.08868355886933738,0.21094776751030833
DHI,0.18434058975567652,1.96,0.18203426288634866,0.18664691662500438,0.30719187756201616
DHR,0.17412288142482216,1.96,0.1718165545554943,0.17642920829415001,0.20456401542131977
DIS,0.017137979335270993,1.96,0.014831652465943135,0.01944430620459885,0.24172566679000201
DLR,0.07824315237352054,1.96,0.07593682550419269,0.0805494792428484,0.2361254457133396
DLTR,0.06791947186077747,1.96,0.06561314499144962,0.07022579873010533,0.3040056695903897
DOV,0.09381163452570086,1.96,0.091505307656373,0.09611796139502872,0.24854520324099097
DPZ,0.17066490313330493,1.96,0.16835857626397707,0.1729712300026328,0.2571535650501569
DRI,0.11137384961248628,1.96,0.10906752274315842,0.11368017648181414,0.3149235269951717
DTE,0.041677162799730494,1.96,0.03937083593040264,0.04398348966905835,0.19692665728322986
DUK,0.03584178929143986,1.96,0.033535462422112,0.038148116160767714,0.1721317804116679
DVA,0.05797114133863471,1.96,0.05566481446930685,0.060277468207962565,0.2851528641742935
DVN,-0.02019295264935152,1.96,-0.022499279518679378,-0.017886625780023663,0.4557377710362473
EA,0.11136937476621651,1.96,0.10906304789688866,0.11367570163554437,0.2530836841025062
EBAY,0.08898436507427869,1.96,0.08667803820495083,0.09129069194360655,0.2625030137324054
ECL,0.07261010386745607,1.96,0.07030377699812822,0.07491643073678393,0.20892886713852923
ED,0.041591203516074336,1.96,0.03928487664674648,0.04389753038540219,0.17844529642142196
EFX,0.11233201011594204,1.96,0.11002568324661419,0.1146383369852699,0.2556511290457925
EIX,0.010392157988128837,1.96,0.00808583111880098,0.012698484857456694,0.2245821551386081
EL,0.09878102809691015,1.96,0.0964747012275823,0.10108735496623801,0.28333763118263233
EMN,0.02328794357126131,1.96,0.020981616701933454,0.025594270440589168,0.26953993505535045
EMR,0.0644198406382099,1.96,0.06211351376888204,0.06672616750753775,0.24022301655972958
ENPH,0.462443182355154,1.96,0.46013685548582617,0.4647495092244819,0.7195746771444539
EOG,0.013584582235556907,1.96,0.01127825536622905,0.015890909104884766,0.41265175135813853
EQIX,0.13660454837504404,1.96,0.1342982215057162,0.1389108752443719,0.22611248694650085
EQR,0.0016944495790854612,1.96,-0.0006118772902423963,0.004000776448413319,0.21354266703199012
ESS,0.0279481944671378,1.96,0.025641867597809943,0.030254521336465657,0.21349630787201093
ETN,0.14630082492532553,1.96,0.14399449805599768,0.1486071517946534,0.2509433490584892
ETR,0.05176390582640806,1.96,0.0494575789570802,0.054070232695735916,0.20135601110180076
EW,0.17135865893843003,1.96,0.16905233206910217,0.17366498580775788,0.2942497583176923
EXC,0.025009699107647394,1.96,0.022703372238319537,0.02731602597697525,0.2243259666746812
EXPD,0.11462813880812135,1.96,0.1123218119387935,0.11693446567744921,0.20718429704585506
EXPE,0.031188410673420642,1.96,0.028882083804092785,0.0334947375427485,0.37600820751634967
EXR,0.1099554103927058,1.96,0.10764908352337794,0.11226173726203366,0.22607452469749925
F,-0.01843599791478546,1.96,-0.020742324784113315,-0.0161296710454576,0.3212726519570094
FANG,0.06838932268308458,1.96,0.06608299581375672,0.07069564955241243,0.4645276043848002
FAST,0.12898321784665126,1.96,0.1266768909773234,0.13128954471597912,0.22851738660439128
FCX,0.10043496177136439,1.96,0.09812863490203654,0.10274128864069225,0.4810835588044661
FDX,0.048797774750853444,1.96,0.04649144788152559,0.0511041016201813,0.2729442405518352
FE,0.02051110630248197,1.96,0.018204779433154114,0.02281743317180983,0.22430826636779383
FFIV,0.05168180249569996,1.96,0.0493754756263721,0.053988129365027816,0.25913995254550193
FIS,0.027014501808634166,1.96,0.02470817493930631,0.029320828677962023,0.2502015820559539
FITB,0.06389498626506956,1.96,0.06158865939574171,0.06620131313439742,0.3122732150886632
FMC,0.0491118955626812,1.96,0.046805568693353346,0.05141822243200906,0.2989083898283817
FOX,0.003690844045830044,1.96,0.0013845171765021866,0.005997170915157902,0.26061994833787
FOXA,0.011068707766079303,1.96,0.008762380896751446,0.01337503463540716,0.26660315299130977
FRT,-0.03278105061482877,1.96,-0.03508737748415663,-0.030474723745500913,0.24515387036861522
FTNT,0.2976862982929139,1.96,0.295379971423586,0.29999262516224173,0.3474629518973655
GD,0.0668851337741458,1.96,0.06457880690481795,0.06919146064347366,0.19781937376553743
GE,-0.05673882070355174,1.96,-0.0590451475728796,-0.05443249383422388,0.309508490803877
GILD,-0.02467165789439487,1.96,-0.026977984763722727,-0.022365331025067013,0.23648609520861652
GIS,0.0299745276993086,1.96,0.027668200829980744,0.03228085456863646,0.1846851267883402
GLD,0.06292122917877868,1.96,0.060614902309450824,0.06522755604810654,0.1292197323700354
GLW,0.06510351459953428,1.96,0.06279718773020643,0.06740984146886214,0.25452032852937245
GM,0.024455836689585175,1.96,0.022149509820257318,0.026762163558913032,0.3213135740615187
GNRC,0.18665164923212904,1.96,0.18434532236280118,0.1889579761014569,0.38529798124216574
GOOG,0.17376324660029974,1.96,0.17145691973097188,0.1760695734696276,0.31374960016865244
GPC,0.05638708487117484,1.96,0.05408075800184698,0.058693411740502695,0.23478878172791107
GPN,0.10958064580407345,1.96,0.1072743189347456,0.11188697267340131,0.28396604963573296
GRMN,0.12752977291792092,1.96,0.12522344604859306,0.12983609978724878,0.24892035028639564
GS,0.09105696245327896,1.96,0.0887506355839511,0.09336328932260682,0.24552839522966804
GWW,0.14162026081976853,1.96,0.13931393395044067,0.14392658768909639,0.24253854956170706
HAL,-0.06042720917660942,1.96,-0.06273353604593727,-0.05812088230728156,0.4116489150555636
HAS,-0.003882894530478573,1.96,-0.006189221399806431,-0.0015765676611507154,0.28604516095040206
HBAN,0.027660404416716012,1.96,0.025354077547388155,0.02996673128604387,0.297660742858682
HBI,-0.1642576258437454,1.96,-0.16656395271307325,-0.16195129897441754,0.7089130179317088
HCA,0.17127599720627576,1.96,0.1689696703369479,0.17358232407560362,0.30241612736920975
HD,0.1420952703012181,1.96,0.13978894343189024,0.14440159717054596,0.2078176986363754
HES,0.08028481130632695,1.96,0.07797848443699909,0.0825911381756548,0.39513439879426565
HIG,0.08161639459676798,1.96,0.07931006772744012,0.08392272146609583,0.25451266255252747
HII,0.06860051075996806,1.96,0.06629418389064021,0.07090683762929592,0.25821132891349646
HLT,0.10669808206638262,1.96,0.10439175519705476,0.10900440893571048,0.291536204712578
HOLX,0.11259953607205127,1.96,0.11029320920272341,0.11490586294137912,0.23952224397758437
HON,0.08400814094009616,1.96,0.0817018140707683,0.08631446780942402,0.20080828336156714
HPQ,0.03329245491347001,1.96,0.03098612804414215,0.035598781782797864,0.3632265016337581
HRL,0.03543298902093155,1.96,0.033126662151603696,0.03773931589025941,0.19845921593427648
HSIC,0.03861160316421097,1.96,0.036305276294883115,0.04091793003353883,0.23605239732399153
HST,-0.015406389157709517,1.96,-0.017712716027037376,-0.01310006228838166,0.2971588001331851
HSY,0.09521527926140452,1.96,0.09290895239207667,0.09752160613073238,0.18805537122956636
HUM,0.12273425435203003,1.96,0.12042792748270217,0.1250405812213579,0.28500604346565
IBM,-0.00381031458318428,1.96,-0.006116641452512138,-0.0015039877138564224,0.2070014861433145
ICE,0.12273069842312827,1.96,0.12042437155380041,0.12503702529245614,0.18967250431292162
IDXX,0.23081634602809872,1.96,0.22851001915877087,0.23312267289742658,0.2735627989096265
IEX,0.12390615148037107,1.96,0.12159982461104321,0.12621247834969893,0.19628631324807594
IFF,-0.016856858209313392,1.96,-0.01916318507864125,-0.014550531339985535,0.2591612894136252
ILMN,0.01477773021993447,1.96,0.012471403350606612,0.017084057089262326,0.3669409363228967
INCY,-0.020091417047118365,1.96,-0.022397743916446222,-0.017785090177790508,0.34849797703151797
INTC,0.011808131500890391,1.96,0.009501804631562534,0.014114458370218248,0.29422897398011133
INTU,0.21715791955513833,1.96,0.21485159268581047,0.2194642464244662,0.26226172443377627
IP,-0.019901307727488278,1.96,-0.022207634596816135,-0.01759498085816042,0.2563573894655498
IPG,0.05435516594193855,1.96,0.052048839072610695,0.05666149281126641,0.2712579065294214
IPGP,0.02298841213472071,1.96,0.020682085265392853,0.025294739004048567,0.35868507990275933
IR,-0.004238505513469577,1.96,-0.006544832382797435,-0.0019321786441417192,0.48083208865181615
IRM,0.08056591945811302,1.96,0.07825959258878516,0.08287224632744088,0.2550093186887679
ISRG,0.2156784636380835,1.96,0.21337213676875563,0.21798479050741135,0.2727890079442772
IT,0.18098020451816857,1.96,0.1786738776488407,0.18328653138749643,0.2530673914816486
ITW,0.1117181883007465,1.96,0.10941186143141864,0.11402451517007435,0.1969260917001351
IVZ,-0.09308017453903489,1.96,-0.09538650140836274,-0.09077384766970703,0.3246826917268349
JBHT,0.0996719805680777,1.96,0.09736565369874985,0.10197830743740556,0.2343414543106731
JCI,0.044793019874396295,1.96,0.04248669300506844,0.04709934674372415,0.24477983353846317
JKHY,0.11141726648357916,1.96,0.1091109396142513,0.11372359335290702,0.1941615517554034
JNJ,0.05375615545070021,1.96,0.051449828581372356,0.05606248232002807,0.15371384291788917
JNPR,0.028869720821886855,1.96,0.026563393952558998,0.031176047691214712,0.2534194083700427
JPM,0.1142912878822122,1.96,0.11198496101288434,0.11659761475154005,0.23422556675627387
K,-0.00480288189420412,1.96,-0.007109208763531978,-0.002496555024876262,0.19299367192750694
KEY,0.013048892941867816,1.96,0.010742566072539959,0.015355219811195673,0.34090555524958693
KIM,-0.020805829840756525,1.96,-0.023112156710084382,-0.018499502971428668,0.29234839061224155
KLAC,0.24986332474509632,1.96,0.24755699787576846,0.2521696516144242,0.32668228967834334
KMB,0.018512937365447416,1.96,0.01620661049611956,0.020819264234775273,0.1703919401136314
KMI,-0.05508824928589619,1.96,-0.057394576155224045,-0.05278192241656833,0.2718732834024274
KMX,0.05290515513599368,1.96,0.05059882826666582,0.055211482005321534,0.3445851234097096
KO,0.04796533166049748,1.96,0.045659004791169626,0.05027165852982534,0.15573650745183146
KR,0.06207910860073183,1.96,0.059772781731403976,0.06438543547005969,0.25382024401507786
L,0.053338338489406424,1.96,0.05103201162007857,0.05564466535873428,0.21416994554693888
LDOS,0.12047810926111588,1.96,0.11817178239178802,0.12278443613044374,0.265523896561898
LEG,-0.06504302819735142,1.96,-0.06734935506667927,-0.06273670132802356,0.30593335639078173
LEN,0.12639707195490213,1.96,0.12409074508557427,0.12870339882423,0.31333232322662447
LH,0.08714074866015623,1.96,0.08483442179082837,0.08944707552948408,0.2320615801764991
LKQ,0.06166219131791721,1.96,0.059355864448589354,0.06396851818724507,0.298579919124498
LLY,0.24139382715963423,1.96,0.23908750029030637,0.24370015402896208,0.24322833158681412
LMT,0.10027465535360114,1.96,0.09796832848427328,0.102580982222929,0.1918254142832224
LNC,-0.055129288551517906,1.96,-0.05743561542084576,-0.05282296168219005,0.4065660343157115
LNT,0.06854908071431176,1.96,0.0662427538449839,0.07085540758363962,0.18210150074459405
LOW,0.1572096068867759,1.96,0.15490328001744805,0.15951593375610376,0.2488255694788995
LRCX,0.2691433740888649,1.96,0.26683704721953705,0.27144970095819276,0.34575909920153247
LUV,-0.013826432092529648,1.96,-0.016132758961857507,-0.011520105223201791,0.3174931833869544
LVS,-0.03051158671069984,1.96,-0.0328179135800277,-0.028205259841371982,0.3483684564900993
LYB,0.0022351395201864036,1.96,-7.118734914145393e-5,0.004541466389514261,0.30695428824599597
LYV,0.16331550075921056,1.96,0.1610091738898827,0.16562182762853842,0.34204967793823066
MA,0.1874642498827952,1.96,0.18515792301346734,0.18977057675212305,1.0077792026946695
MAA,0.0827888279321281,1.96,0.08048250106280025,0.08509515480145596,0.20192556716964244
MAR,0.12167142357510086,1.96,0.119365096705773,0.12397775044442871,0.3043712254870014
MAS,0.10646817206989308,1.96,0.10416184520056522,0.10877449893922093,0.2549628061254667
MCD,0.11662017424254968,1.96,0.11431384737322182,0.11892650111187754,0.1722745713886088
MCHP,0.14128713826080203,1.96,0.13898081139147417,0.14359346513012988,0.31203619913029695
MCK,0.09616043313979677,1.96,0.09385410627046892,0.09846676000912463,0.2591040024159464
MCO,0.16809823931135232,1.96,0.16579191244202446,0.17040456618068017,0.2303417462391915
MDLZ,0.06874819234850656,1.96,0.0664418654791787,0.07105451921783441,0.17853673193046307
MDT,0.029537912308617485,1.96,0.027231585439289628,0.03184423917794534,0.20094612412130677
MET,0.03500894009482643,1.96,0.03270261322549857,0.037315266964154284,0.2735615267278509
MGM,0.06188811630234232,1.96,0.05958178943301446,0.06419444317167018,0.4055225608246537
MHK,-0.0508825743909048,1.96,-0.05318890126023266,-0.048576247521576944,0.35157140631934775
MKC,0.08984229839541558,1.96,0.08753597152608772,0.09214862526474343,0.19538856535664484
MKTX,0.14569830134621548,1.96,0.14339197447688762,0.14800462821554333,0.2836421188785465
MLM,0.13575577667476427,1.96,0.1334494498054364,0.13806210354409212,0.27928913310860676
MMC,0.14638969522070042,1.96,0.14408336835137256,0.14869602209002827,0.16681243066447396
MMM,-0.0291650691911716,1.96,-0.03147139606049946,-0.026858742321843744,0.21230589469777073
MNST,0.12564435861553183,1.96,0.12333803174620397,0.1279506854848597,0.24967446007234792
MO,-0.020035814369276685,1.96,-0.022342141238604542,-0.017729487499948828,0.20293668400558246
MOS,-0.006164479132589217,1.96,-0.008470806001917075,-0.0038581522632613594,0.3872602239965169
MPC,0.11433645028496976,1.96,0.1120301234156419,0.11664277715429762,0.35129061429284203
MPWR,0.2928107510741139,1.96,0.29050442420478606,0.2951170779434418,0.3617299385897317
MRK,0.07463204440803019,1.96,0.07232571753870233,0.07693837127735804,0.18908064866151153
MS,0.1250488589855933,1.96,0.12274253211626543,0.12735518585492114,0.2737001469317735
MSCI,0.27607016020848274,1.96,0.2737638333391549,0.2783764870778106,0.256123041139449
MSFT,0.2471358046522564,1.96,0.24482947778292855,0.24944213152158426,0.21543306801364642
MSI,0.18765038532197112,1.96,0.18534405845264326,0.18995671219129898,0.2131442478179527
MTB,0.020009858223325936,1.96,0.01770353135399808,0.022316185092653793,0.27719285171441244
MTD,0.17965439505426978,1.96,0.17734806818494192,0.18196072192359763,0.23967376509430008
MU,0.15913226678755288,1.96,0.15682593991822502,0.16143859365688074,0.406491078425984
NCLH,-0.11929748412450913,1.96,-0.12160381099383699,-0.11699115725518128,0.5264149665666559
NDAQ,0.1593746183009004,1.96,0.15706829143157255,0.16168094517022827,0.20281556145443128
NEE,0.1316418922745562,1.96,0.12933556540522834,0.13394821914388405,0.2067570515210919
NEM,0.08173376572754493,1.96,0.07942743885821707,0.08404009259687278,0.3204362608688634
NFLX,0.21761326318278326,1.96,0.2153069363134554,0.21991959005211112,0.36211678393357705
NI,-0.00668247942482345,1.96,-0.008988806294151308,-0.004376152555495592,0.35335391190522797
NKE,0.1019646450782109,1.96,0.09965831820888305,0.10427097194753876,0.2572056750514665
NOC,0.12444300684341841,1.96,0.12213667997409056,0.12674933371274627,0.2059020904785857
NOW,0.27958419507760396,1.96,0.2772778682082761,0.2818905219469318,0.3537442338500655
NRG,0.10701442851311381,1.96,0.10470810164378595,0.10932075538244167,0.3378409944792179
NSC,0.11534849594538074,1.96,0.11304216907605288,0.1176548228147086,0.24448161713483751
NTAP,0.10969043072887248,1.96,0.10738410385954462,0.11199675759820034,0.29556860847223265
NTRS,0.03035166540289828,1.96,0.028045338533570423,0.03265799227222614,0.25691568120955405
NUE,0.12858679933530182,1.96,0.12628047246597396,0.13089312620462967,0.30732759926812175
NVDA,0.5032547203526204,1.96,0.5009483934832926,0.5055610472219483,0.3885525482321086
NVR,0.1825671112233236,1.96,0.18026078435399576,0.18487343809265147,0.26179552073430784
NWL,-0.15383848738394515,1.96,-0.156144814253273,-0.1515321605146173,0.3770882935510725
NWS,0.053441824358185744,1.96,0.05113549748885789,0.0557481512275136,0.2641206505902283
NWSA,0.05086250567358384,1.96,0.04855617880425598,0.053168832542911694,0.263671969126668
NXPI,0.12031474736725879,1.96,0.11800842049793094,0.12262107423658665,0.34523253517960245
O,0.024746361471280624,1.96,0.022440034601952766,0.02705268834060848,0.2237412420348805
ODFL,0.25750382632796354,1.96,0.2551974994586357,0.2598101531972914,0.2688014907660521
OKE,0.04149600409185934,1.96,0.039189677222531485,0.0438023309611872,0.3922658032636061
OMC,0.011205455748486092,1.96,0.008899128879158235,0.01351178261781395,0.23581632203854513
ORCL,0.11995374774632897,1.96,0.11764742087700111,0.12226007461565683,0.22347305956890107
ORLY,0.18473991743791063,1.96,0.18243359056858277,0.18704624430723849,0.22582257856324603
OXY,-0.06451781637033359,1.96,-0.06682414323966145,-0.06221148950100573,0.41835833351258944
PAYX,0.11438831080167262,1.96,0.11208198393234477,0.11669463767100048,0.19990711573087752
PCAR,0.08673189275138465,1.96,0.0844255658820568,0.08903821962071251,0.2275778490409264
PEG,0.062362214882797154,1.96,0.0600558880134693,0.06466854175212501,0.19036369792548027
PENN,0.08801386266047415,1.96,0.08570753579114629,0.090320189529802,0.5419996274081255
PEP,0.0722929700621258,1.96,0.06998664319279795,0.07459929693145366,0.14717708057935014
PFE,0.013603947743937323,1.96,0.011297620874609466,0.01591027461326518,0.20264167390138885
PFG,0.04897446985175069,1.96,0.04666814298242283,0.05128079672107855,0.28555892282890133
PG,0.08194557222678903,1.96,0.07963924535746117,0.08425189909611688,0.15457777983780993
PGR,0.2075277683396212,1.96,0.20522144147029334,0.20983409520894905,0.19940160503093654
PH,0.14970820187447995,1.96,0.1474018750051521,0.1520145287438078,0.27087901833986683
PHM,0.16680885666196102,1.96,0.16450252979263316,0.16911518353128888,0.3144993038162497
PKG,0.09756133567774197,1.96,0.09525500880841412,0.09986766254706983,0.24542907105068693
PLD,0.13262927048013823,1.96,0.13032294361081037,0.13493559734946609,0.22019969515530582
PM,0.012633036569769322,1.96,0.010326709700441465,0.01493936343909718,0.20206014656805865
PNC,0.06667440920516304,1.96,0.06436808233583519,0.0689807360744909,0.250109507277337
PNR,0.004266031896757282,1.96,0.0019597050274294246,0.00657235876608514,0.28690583307986933
PNW,0.020809588747402817,1.96,0.01850326187807496,0.023115915616730674,0.1940616965495831
POOL,0.21040314115805286,1.96,0.208096814288725,0.21270946802738072,0.25548520309140166
PPG,0.03207574271389507,1.96,0.029769415844567215,0.03438206958322293,0.378328473306915
PPL,-0.02463539514182729,1.96,-0.026941722011155148,-0.022329068272499433,0.1969105570738709
PRU,0.020013567290317988,1.96,0.01770724042099013,0.022319894159645845,0.2826926131275035
PSA,0.05197419198645475,1.96,0.04966786511712689,0.054280518855782604,0.1949274315860907
PSX,0.033729631089734896,1.96,0.03142330422040704,0.03603595795906275,0.29786291914527724
PTC,0.16542178112463657,1.96,0.1631154542553087,0.16772810799396443,0.27946140005996345
PVH,-0.029627835302949324,1.96,-0.03193416217227718,-0.027321508433621466,0.4076301773341699
PWR,0.22983182515757086,1.96,0.227525498288243,0.23213815202689872,0.29506599719204396
QCOM,0.1059620774282612,1.96,0.10365575055893335,0.10826840429758906,0.30453042576945305
QQQ,0.16303183849600203,1.96,0.16072551162667417,0.1653381653653299,0.16714470313801283
RCL,0.02737384628874554,1.96,0.025067519419417685,0.0296801731580734,0.46188197793312674
REG,-0.00026903155701603733,1.96,-0.002575358426343895,0.0020372953123118202,0.2521178633617397
RF,0.08141935923423069,1.96,0.07911303236490283,0.08372568610355854,0.3111715767275814
RHI,0.061194643263203743,1.96,0.058888316393875886,0.0635009701325316,0.2720850724059997
RJF,0.1311697055426492,1.96,0.12886337867332134,0.13347603241197706,0.27071254508128456
RL,0.005931605105363967,1.96,0.0036252782360361095,0.008237931974691824,0.3381914560822219
RMD,0.170050719626852,1.96,0.16774439275752415,0.17235704649617986,0.2772404512112458
ROK,0.10600564660502503,1.96,0.10369931973569717,0.10831197347435288,0.2657815748026103
ROL,0.16292066385855933,1.96,0.16061433698923147,0.16522699072788719,0.2136099236325842
ROP,0.13710434364028387,1.96,0.13479801677095601,0.13941067050961173,0.19229537678703643
ROST,0.11644738537840396,1.96,0.1141410585090761,0.11875371224773182,0.27561229578221574
RSG,0.16097544177604373,1.96,0.15866911490671587,0.16328176864537158,0.15441581496997075
SBAC,0.11197486558810735,1.96,0.10966853871877949,0.1142811924574352,0.2359649834331438
SBUX,0.0898326869104007,1.96,0.08752636004107284,0.09213901377972855,0.24035758810700641
SCHW,0.09903413226581158,1.96,0.09672780539648372,0.10134045913513944,0.303318103228887
SEE,0.0034206446919463423,1.96,0.0011143178226184847,0.0057269715612742,0.27454819779847284
SHW,0.1556106003325544,1.96,0.15330427346322653,0.15791692720188225,0.2291654511263608
SJM,0.015914438799307307,1.96,0.01360811192997945,0.018220765668635164,0.20579945313285009
SLB,-0.09382542309153574,1.96,-0.0961317499608636,-0.09151909622220789,0.34911520193749496
SLV,0.043017211910350364,1.96,0.04071088504102251,0.04532353877967822,0.24549890099158575
SNA,0.07295157200075117,1.96,0.07064524513142331,0.07525789887007903,0.23498045916832336
SNPS,0.27814260859874784,1.96,0.27583628172942,0.2804489354680757,0.2510280951739928
SO,0.05824188133435828,1.96,0.05593555446503042,0.06054820820368614,0.17903742002375872
SPG,-0.047389312557882056,1.96,-0.04969563942720991,-0.0450829856885542,0.31386641249809066
SPY,0.10314454826808074,1.96,0.10083822139875288,0.1054508751374086,0.13509641619537593
SPYG,0.12571965182328673,1.96,0.12341332495395888,0.1280259786926146,0.1679095575334898
SRE,0.04807090436731323,1.96,0.045764577497985376,0.05037723123664109,0.2015464409582846
STE,0.1574445783751483,1.96,0.15513825150582045,0.15975090524447616,0.21821548624262668
STT,0.007885817418706257,1.96,0.0055794905493784,0.010192144288034114,0.2811949693928323
STX,0.07136548048615746,1.96,0.0690591536168296,0.07367180735548531,0.359423093027777
STZ,0.08688512239687189,1.96,0.08457879552754403,0.08919144926619975,0.22586708999104949
SWK,0.002691388775407261,1.96,0.00038506190607940326,0.004997715644735118,0.292089668899668
SWKS,0.06522787190965461,1.96,0.06292154504032675,0.06753419877898247,0.33145907404261404
SYK,0.13705186775051784,1.96,0.13474554088118998,0.1393581946198457,0.22300354754042329
SYY,0.07584716897957672,1.96,0.07354084211024886,0.07815349584890458,0.267417768990985
T,-0.07775613699349568,1.96,-0.08006246386282354,-0.07544981012416782,0.20732887316294896
TAP,-0.04820225974561319,1.96,-0.050508586614941044,-0.04589593287628533,0.2543571928998077
TDG,0.17904062379282065,1.96,0.1767342969234928,0.1813469506621485,0.3056562154040758
TDY,0.1815420236930541,1.96,0.17923569682372625,0.18384835056238197,0.23298584508095058
TECH,0.1598125040309275,1.96,0.15750617716159965,0.16211883090025536,0.6538350686346469
TEL,0.09494304187827189,1.96,0.09263671500894403,0.09724936874759975,0.2325938970868565
TER,0.21624392953741267,1.96,0.21393760266808481,0.21855025640674053,0.3403045359193727
TFX,0.08288308251653793,1.96,0.08057675564721008,0.08518940938586579,0.2526630773260008
TGT,0.11495281440202099,1.96,0.11264648753269313,0.11725914127134884,0.2885751853735877
TJX,0.1190818343051053,1.96,0.11677550743577744,0.12138816117443316,0.2363284569118335
TMO,0.18305220690561136,1.96,0.1807458800362835,0.18535853377493922,0.21388757939186373
TMUS,0.18028337763963256,1.96,0.1779770507703047,0.18258970450896042,0.22779504386048297
TRMB,0.0970172063107446,1.96,0.09471087944141675,0.09932353318007246,0.30937071614200123
TROW,0.06042845593654488,1.96,0.058122129067217025,0.06273478280587275,0.24897738426088262
TRV,0.07272228884533996,1.96,0.0704159619760121,0.07502861571466782,0.19714573266961494
TSCO,0.14427847304166927,1.96,0.1419721461723414,0.14658479991099713,0.2513097687704775
TSLA,0.35685203385767933,1.96,0.35454570698835147,0.3591583607270072,0.49054615730205436
TSN,0.034567415248276195,1.96,0.03226108837894834,0.03687374211760405,0.2589294857677704
TTWO,0.19454047511866557,1.96,0.1922341482493377,0.19684680198799342,0.2931510637351058
TXN,0.14771248302484205,1.96,0.1454061561555142,0.1500188098941699,0.22765277789140106
TXT,0.07086188732865856,1.96,0.0685555604593307,0.07316821419798641,0.29130657170738433
TYL,0.16261965569536163,1.96,0.16031332882603377,0.1649259825646895,0.2530700684741619
UA,-0.23423037875589156,1.96,-0.23653670562521942,-0.2319240518865637,0.5236939849004666
UAL,-0.021947956613664457,1.96,-0.024254283482992314,-0.0196416297443366,0.4442236409015388
UDR,0.03575741318414722,1.96,0.03345108631481936,0.03806374005347508,0.21145223912239886
UHS,0.03831653226204545,1.96,0.03601020539271759,0.040622859131373305,0.29475309392292176
ULTA,0.125269397733312,1.96,0.12296307086398414,0.12757572460263986,0.33052859055457245
UNG,-0.24211208281325966,1.96,-0.24441840968258752,-0.2398057559439318,0.469279709755366
UNH,0.1898196664113193,1.96,0.18751333954199145,0.19212599328064717,0.2235799696513344
UNP,0.09288630718445964,1.96,0.09057998031513179,0.0951926340537875,0.3056116098513055
UPS,0.06044925393298531,1.96,0.05814292706365745,0.06275558080231317,0.22089193009463273
URI,0.20724195575237817,1.96,0.2049356288830503,0.20954828262170602,0.3878035234876788
USB,-0.0013651404423912575,1.96,-0.0036714673117191152,0.0009411864269366001,0.25117236931008197
V,0.1625550751515227,1.96,0.16024874828219485,0.16486140202085056,0.20726105109011891
VFC,-0.11159470025109754,1.96,-0.1139010271204254,-0.10928837338176968,0.336869060928946
VLO,0.08537544147090168,1.96,0.08306911460157382,0.08768176834022953,0.34226759700655696
VMC,0.11234263723174663,1.96,0.11003631036241877,0.11464896410107449,0.26799568914465755
VNO,-0.16181283693859888,1.96,-0.16411916380792674,-0.15950651006927102,0.3298922671064645
VRSK,0.14720258564817262,1.96,0.14489625877884477,0.14950891251750048,0.19616313989098055
VRSN,0.1384932678963016,1.96,0.13618694102697373,0.14079959476562945,0.22120728507013862
VTR,-0.033833460475967046,1.96,-0.0361397873452949,-0.03152713360663919,0.319558088712544
VZ,-0.016750568152116743,1.96,-0.0190568950214446,-0.014444241282788886,0.16832924856393705
WAB,0.04140453058529085,1.96,0.039098203715962995,0.04371085745461871,0.2769133428785257
WAT,0.11672968483316296,1.96,0.1144233579638351,0.11903601170249081,0.24903975090654779
WDC,-0.05453372708090595,1.96,-0.05684005395023381,-0.052227400211578096,0.3994555032954185
WEC,0.07395474742909443,1.96,0.07164842055976657,0.07626107429842229,0.18698055738344416
WFC,-0.013890779060143235,1.96,-0.016197105929471094,-0.011584452190815378,0.26524964338344476
WHR,-0.023065988576369958,1.96,-0.025372315445697815,-0.0207596617070421,0.3128621434397327
WM,0.15050248205334169,1.96,0.14819615518401383,0.15280880892266954,0.16040694335202127
WMB,-0.012399255290921925,1.96,-0.014705582160249782,-0.010092928421594068,0.3550734521572502
WMT,0.10530135268389682,1.96,0.10299502581456896,0.10760767955322467,0.18027197308760537
WRB,0.13894137130684128,1.96,0.13663504443751343,0.14124769817616914,0.20043495220943033
WST,0.22826612336457472,1.96,0.22595979649524686,0.23057245023390258,0.2656612849335695
WU,-0.03305307943610622,1.96,-0.03535940630543408,-0.030746752566778363,0.2343927462975562
WY,0.003050644340166598,1.96,0.0007443174708387404,0.005356971209494455,0.2598832360659729
WYNN,-0.04947686802257794,1.96,-0.0517831948919058,-0.04717054115325008,0.43874727777489336
XEL,0.07571712668669311,1.96,0.07341079981736526,0.07802345355602097,0.17871135585681205
XOM,0.006321129313411147,1.96,0.004014802444083289,0.008627456182739005,0.2401047881053965
XRAY,-0.05378810210078013,1.96,-0.05609442897010799,-0.051481775231452274,0.2778801201554204
XYL,0.1301321184067624,1.96,0.12782579153743454,0.13243844527609025,0.23258018537384786
YUM,0.06641233640516624,1.96,0.06410600953583838,0.0687186632744941,0.23300592807528903
ZBRA,0.18935069896791457,1.96,0.1870443720985867,0.19165702583724242,0.33915126535545936
ZION,0.04868709274195638,1.96,0.04638076587262852,0.05099341961128424,0.3465273535600696
ZTS,0.18422257157129396,1.96,0.1819162447019661,0.18652889844062182,0.22343048774244084
